<?xml version="1.0" encoding="UTF-8" ?>
<!DOCTYPE mapper
        PUBLIC "-//mybatis.org//DTD Mapper 3.0//EN"
        "http://mybatis.org/dtd/mybatis-3-mapper.dtd">

<mapper namespace="com.search.dao.DataDao">

    <resultMap id="DataMap" type="com.search.entity.Data">
        <id column="id" property="id"></id>
        <result column="url" property="url"></result>
        <result column="caption" property="caption"></result>
    </resultMap>


    <select id="getSomeDatas" resultType="com.search.entity.Data">
        select *
        from data limit #{limit}
        offset #{offset}
    </select>

<!--

-->
    <select id="getDataBySplit" resultType="com.search.entity.Data">
        select url, caption, id
        from data
        where id in (
            select db.data_id
            from (
                     select data_id
                     from (
                              ${sql}
                              ) tb1
                     group by data_id
                     order by sum(tidif_value) desc limit ${pageSize}
                     offset ${offset}
                 ) db
        )
    </select>

</mapper>